{"cameraMode":{"drawMode":0,"name":"Shaded","section":"Shading Mode"},"sceneLighting":false,"audioPlay":false,"sceneViewState":{"m_AlwaysRefresh":false,"showFog":true,"showSkybox":false,"showFlares":true,"showImageEffects":true,"showParticleSystems":true,"showVisualEffectGraphs":true,"m_FxEnabled":true},"in2DMode":false,"pivot":{"x":-0.25234925746917727,"y":1.2525240182876588,"z":0.2534697651863098},"rotation":{"x":0.010985249653458596,"y":-0.7920905947685242,"z":0.014259708113968373,"w":0.6101863384246826},"size":1.2831847667694092,"orthographic":false}