{"cameraMode":{"drawMode":0,"name":"Shaded","section":"Shading Mode"},"sceneLighting":false,"audioPlay":false,"sceneViewState":{"m_AlwaysRefresh":false,"showFog":true,"showSkybox":false,"showFlares":true,"showImageEffects":true,"showParticleSystems":true,"showVisualEffectGraphs":true,"m_FxEnabled":true},"in2DMode":false,"pivot":{"x":-0.42652037739753725,"y":1.406267762184143,"z":-0.24471354484558106},"rotation":{"x":-0.0005405022529885173,"y":-0.9925626516342163,"z":0.004468163941055536,"w":-0.1217992976307869},"size":1.0494505167007447,"orthographic":false}