{"cameraMode":{"drawMode":0,"name":"Shaded","section":"Shading Mode"},"sceneLighting":false,"audioPlay":false,"sceneViewState":{"m_AlwaysRefresh":false,"showFog":true,"showSkybox":false,"showFlares":true,"showImageEffects":true,"showParticleSystems":true,"showVisualEffectGraphs":true,"m_FxEnabled":true},"in2DMode":false,"pivot":{"x":0.531143307685852,"y":1.5943275690078736,"z":-0.6329590678215027},"rotation":{"x":-0.022701485082507135,"y":-0.6040909290313721,"z":-0.017225142568349839,"w":0.7964621782302856},"size":0.7269039154052734,"orthographic":false}