{"cameraMode":{"drawMode":0,"name":"Shaded","section":"Shading Mode"},"sceneLighting":false,"audioPlay":false,"sceneViewState":{"m_AlwaysRefresh":false,"showFog":true,"showSkybox":false,"showFlares":true,"showImageEffects":true,"showParticleSystems":true,"showVisualEffectGraphs":true,"m_FxEnabled":true},"in2DMode":false,"pivot":{"x":-0.043239932507276538,"y":2.5799238681793215,"z":-1.7438522577285767},"rotation":{"x":0.4024505615234375,"y":0.25063514709472659,"z":-0.11553990095853806,"w":0.8729016780853272},"size":0.9892157912254334,"orthographic":false}