{"cameraMode":{"drawMode":0,"name":"Shaded","section":"Shading Mode"},"sceneLighting":false,"audioPlay":false,"sceneViewState":{"m_AlwaysRefresh":false,"showFog":true,"showSkybox":false,"showFlares":true,"showImageEffects":true,"showParticleSystems":true,"showVisualEffectGraphs":true,"m_FxEnabled":true},"in2DMode":false,"pivot":{"x":5.812258243560791,"y":0.6860060691833496,"z":-0.2787967324256897},"rotation":{"x":0.4855979382991791,"y":0.029445627704262735,"z":-0.016256792470812799,"w":0.8736353516578674},"size":6.700938701629639,"orthographic":false}