{"cameraMode":{"drawMode":0,"name":"Shaded","section":"Shading Mode"},"sceneLighting":false,"audioPlay":false,"sceneViewState":{"m_AlwaysRefresh":false,"showFog":true,"showSkybox":false,"showFlares":true,"showImageEffects":true,"showParticleSystems":true,"showVisualEffectGraphs":true,"m_FxEnabled":true},"in2DMode":false,"pivot":{"x":0.9021613597869873,"y":-0.04047822952270508,"z":-1.1177682876586915},"rotation":{"x":0.2595936357975006,"y":0.17901258170604707,"z":-0.04890775680541992,"w":0.9478129744529724},"size":6.111423492431641,"orthographic":false}