{"cameraMode":{"drawMode":0,"name":"Shaded","section":"Shading Mode"},"sceneLighting":false,"audioPlay":false,"sceneViewState":{"m_AlwaysRefresh":false,"showFog":true,"showSkybox":false,"showFlares":true,"showImageEffects":true,"showParticleSystems":true,"showVisualEffectGraphs":true,"m_FxEnabled":true},"in2DMode":false,"pivot":{"x":-1.5269607305526734,"y":0.6338038444519043,"z":-0.643916130065918},"rotation":{"x":0.35045120120048525,"y":0.06098487973213196,"z":-0.022772520780563356,"w":0.934408962726593},"size":4.291240692138672,"orthographic":false}