{"cameraMode":{"drawMode":0,"name":"Shaded","section":"Shading Mode"},"sceneLighting":false,"audioPlay":false,"sceneViewState":{"m_AlwaysRefresh":false,"showFog":true,"showSkybox":false,"showFlares":true,"showImageEffects":true,"showParticleSystems":true,"showVisualEffectGraphs":true,"m_FxEnabled":true},"in2DMode":false,"pivot":{"x":1.2299573421478272,"y":-0.20514535903930665,"z":-0.5384432673454285},"rotation":{"x":-0.052921146154403689,"y":0.9362949728965759,"z":-0.307576984167099,"w":-0.16109634935855866},"size":3.3843917846679689,"orthographic":false}