{"cameraMode":{"drawMode":0,"name":"Shaded","section":"Shading Mode"},"sceneLighting":false,"audioPlay":false,"sceneViewState":{"m_AlwaysRefresh":false,"showFog":true,"showSkybox":false,"showFlares":true,"showImageEffects":true,"showParticleSystems":true,"showVisualEffectGraphs":true,"m_FxEnabled":true},"in2DMode":false,"pivot":{"x":7.953573703765869,"y":9.289396286010743,"z":3.108947277069092},"rotation":{"x":-0.4757624864578247,"y":0.007626671809703112,"z":-0.004030151758342981,"w":-0.8794420957565308},"size":12.149519920349121,"orthographic":false}