{"cameraMode":{"drawMode":0,"name":"Shaded","section":"Shading Mode"},"sceneLighting":false,"audioPlay":false,"sceneViewState":{"m_AlwaysRefresh":false,"showFog":true,"showSkybox":false,"showFlares":true,"showImageEffects":true,"showParticleSystems":true,"showVisualEffectGraphs":true,"m_FxEnabled":true},"in2DMode":false,"pivot":{"x":5.5179853439331059,"y":-0.6406035423278809,"z":2.0503039360046388},"rotation":{"x":-0.1873723864555359,"y":-0.28082630038261416,"z":0.055950239300727847,"w":-0.9396557211875916},"size":2.3534042835235597,"orthographic":false}