{"cameraMode":{"drawMode":0,"name":"Shaded","section":"Shading Mode"},"sceneLighting":false,"audioPlay":false,"sceneViewState":{"m_AlwaysRefresh":false,"showFog":true,"showSkybox":false,"showFlares":true,"showImageEffects":true,"showParticleSystems":true,"showVisualEffectGraphs":true,"m_FxEnabled":true},"in2DMode":false,"pivot":{"x":30.736291885375978,"y":0.4199485778808594,"z":-0.8232936859130859},"rotation":{"x":-0.3015042543411255,"y":-0.021476000547409059,"z":0.006858270149677992,"w":-0.9533384442329407},"size":14.640082359313965,"orthographic":false}