{"cameraMode":{"drawMode":0,"name":"Shaded","section":"Shading Mode"},"sceneLighting":false,"audioPlay":false,"sceneViewState":{"m_AlwaysRefresh":false,"showFog":true,"showSkybox":false,"showFlares":true,"showImageEffects":true,"showParticleSystems":true,"showVisualEffectGraphs":true,"m_FxEnabled":true},"in2DMode":false,"pivot":{"x":35.69282913208008,"y":5.519970893859863,"z":2.5760812759399416},"rotation":{"x":-0.3015042543411255,"y":-0.021476000547409059,"z":0.006858270149677992,"w":-0.9533384442329407},"size":23.519115447998048,"orthographic":false}