{"cameraMode":{"drawMode":0,"name":"Shaded","section":"Shading Mode"},"sceneLighting":true,"audioPlay":false,"sceneViewState":{"m_AlwaysRefresh":false,"showFog":true,"showSkybox":true,"showFlares":true,"showImageEffects":true,"showParticleSystems":true,"showVisualEffectGraphs":true,"m_FxEnabled":true},"in2DMode":false,"pivot":{"x":102.60382843017578,"y":-27.96856689453125,"z":34.076560974121097},"rotation":{"x":-0.39310476183891299,"y":-0.22770465910434724,"z":0.10096966475248337,"w":-0.8851838707923889},"size":43.21282958984375,"orthographic":false}