{"cameraMode":{"drawMode":0,"name":"Shaded","section":"Shading Mode"},"sceneLighting":true,"audioPlay":false,"sceneViewState":{"m_AlwaysRefresh":false,"showFog":true,"showSkybox":true,"showFlares":true,"showImageEffects":true,"showParticleSystems":true,"showVisualEffectGraphs":true,"m_FxEnabled":true},"in2DMode":false,"pivot":{"x":52.247314453125,"y":77.06792449951172,"z":6.1104326248168949},"rotation":{"x":0.7249310612678528,"y":0.003612120170146227,"z":-0.0036427024751901628,"w":0.6888726949691773},"size":11.416013717651368,"orthographic":true}