{"cameraMode":{"drawMode":0,"name":"Shaded","section":"Shading Mode"},"sceneLighting":true,"audioPlay":false,"sceneViewState":{"m_AlwaysRefresh":false,"showFog":true,"showSkybox":true,"showFlares":true,"showImageEffects":true,"showParticleSystems":true,"showVisualEffectGraphs":true,"m_FxEnabled":true},"in2DMode":false,"pivot":{"x":9.97817325592041,"y":-118.40418243408203,"z":13.860458374023438},"rotation":{"x":0.6622499823570252,"y":0.004466187674552202,"z":-0.004161102697253227,"w":0.7491735219955444},"size":63.71311950683594,"orthographic":false}