{"cameraMode":{"drawMode":0,"name":"Shaded","section":"Shading Mode"},"sceneLighting":true,"audioPlay":false,"sceneViewState":{"m_AlwaysRefresh":false,"showFog":true,"showSkybox":true,"showFlares":true,"showImageEffects":true,"showParticleSystems":true,"showVisualEffectGraphs":true,"m_FxEnabled":true},"in2DMode":false,"pivot":{"x":41.90232849121094,"y":-7.430973052978516,"z":-12.962417602539063},"rotation":{"x":-0.43363887071609499,"y":-0.033802881836891177,"z":0.016323557123541833,"w":-0.900439441204071},"size":30.409543991088868,"orthographic":false}