{"cameraMode":{"drawMode":0,"name":"Shaded","section":"Shading Mode"},"sceneLighting":true,"audioPlay":false,"sceneViewState":{"m_AlwaysRefresh":false,"showFog":true,"showSkybox":true,"showFlares":true,"showImageEffects":true,"showParticleSystems":true,"showVisualEffectGraphs":true,"m_FxEnabled":true},"in2DMode":false,"pivot":{"x":51.32356262207031,"y":15.466390609741211,"z":11.320375442504883},"rotation":{"x":-0.44497284293174746,"y":0.02657431922852993,"z":-0.013082255609333516,"w":-0.8949764966964722},"size":54.28777313232422,"orthographic":false}