{"cameraMode":{"drawMode":0,"name":"Shaded","section":"Shading Mode"},"sceneLighting":true,"audioPlay":false,"sceneViewState":{"m_AlwaysRefresh":false,"showFog":true,"showSkybox":true,"showFlares":true,"showImageEffects":true,"showParticleSystems":true,"showVisualEffectGraphs":true,"m_FxEnabled":true},"in2DMode":false,"pivot":{"x":21.940595626831056,"y":-5.651338577270508,"z":5.656656265258789},"rotation":{"x":-0.42082998156547549,"y":-0.0016497853212058545,"z":0.0008959429105743766,"w":-0.9070620536804199},"size":26.754446029663087,"orthographic":false}