{"cameraMode":{"drawMode":0,"name":"Shaded","section":"Shading Mode"},"sceneLighting":true,"audioPlay":false,"sceneViewState":{"m_AlwaysRefresh":false,"showFog":true,"showSkybox":true,"showFlares":true,"showImageEffects":true,"showParticleSystems":true,"showVisualEffectGraphs":true,"m_FxEnabled":true},"in2DMode":false,"pivot":{"x":54.79173278808594,"y":-140.07437133789063,"z":73.8619155883789},"rotation":{"x":0.5910641551017761,"y":0.006049356423318386,"z":-0.004433353431522846,"w":0.8065887093544006},"size":112.40119934082031,"orthographic":false}