{"cameraMode":{"drawMode":0,"name":"Shaded","section":"Shading Mode"},"sceneLighting":false,"audioPlay":false,"sceneViewState":{"m_AlwaysRefresh":false,"showFog":true,"showSkybox":false,"showFlares":true,"showImageEffects":true,"showParticleSystems":true,"showVisualEffectGraphs":true,"m_FxEnabled":true},"in2DMode":false,"pivot":{"x":13.031045913696289,"y":2.3052268028259279,"z":1.0848162174224854},"rotation":{"x":0.1542470008134842,"y":0.15784873068332673,"z":-0.02497142180800438,"w":0.9750221967697144},"size":12.307445526123047,"orthographic":false}