{"cameraMode":{"drawMode":0,"name":"Shaded","section":"Shading Mode"},"sceneLighting":false,"audioPlay":false,"sceneViewState":{"m_AlwaysRefresh":false,"showFog":true,"showSkybox":false,"showFlares":true,"showImageEffects":true,"showParticleSystems":true,"showVisualEffectGraphs":true,"m_FxEnabled":true},"in2DMode":false,"pivot":{"x":0.4564235210418701,"y":-0.2137262523174286,"z":-0.08496139198541641},"rotation":{"x":0.10484859347343445,"y":0.6373913884162903,"z":-0.08812976628541947,"w":0.7582743167877197},"size":0.5736533403396606,"orthographic":false}